question,reference_answer,reference_context,conversation_history,metadata,agent_answer,correctness,correctness_reason
"What is the procedure for a registered person to transfer any amount of tax, interest, penalty, fee or any other amount available in the electronic cash ledger under the CGST Act?","A registered person may, on the common portal, transfer any amount of tax, interest, penalty, fee or any other amount available in the electronic cash ledger under this Act, to the electronic cash ledger for, integrated tax, central tax, State tax, Union territory tax or cess; or integrated tax or central tax of a distinct person as specified in sub-section (4) or, as the case may be, sub-section (5) of section 25, in such form and manner and subject to such conditions and restrictions as may be prescribed. Such transfer shall be deemed to be a refund from the electronic cash ledger under this Act.","Document 0: 1. Introduction 348
2. Statutory provisions for payment of Tax 349
3. Utilisation of input tax credit subject to certain conditions - Section 49A of CGST Act 350
4. Order of utilisation of input tax credit - Section 49B of CGST Act. 350
5. Interest on delayed payment of tax - Section 50 of the CGST Act 350
6. Procedures of maintenance of electronic ledger 351
7. Electronic Liability Ledger - Rule 85 of CGST Rules 351
8. Electronic Credit Ledger - Rule 86 of CGST Rules 352
9. Conditions of use of amount available in electronic credit ledger - Rule 86A CGST Rules 353
10. Restrictions on use of amount available in electronic credit ledger - Rule 86B of CGST Rules 354
11. Electronic Cash Ledger - Rule 87 of CGST Rules 355
12. Identification number for each transaction - Rule 88 of CGST Rules 358
13. Order of utilization of input tax credit - Rule 88A CGST Rules 358
14. Manner of calculating interest on delayed payment of tax - Rule 88B of CGST Rules 358
15. Intimation difference of GSTR-1 Vs. GSTR-3B - Rule 88C of CGST Rules, 2017 359
16. Intimation of difference in ITC available in GSTR-2B and availed GSTR-3B. 360
17. Key steps for generation of Challan on common portal 361
18. Order of Cross Utilisation of input tax credit is being rationalized 361
19. Clarification on utilisation of the amounts available in the electronic credit ledger and electronic cash ledger for payment of tax and other liabilities 362
20. Interest on delayed payment of tax 362
21. Manner of payment of Taxes 363
22. Payment of Interest on Net Cash Liability – Section 50 of CGST Act: 364
23. Case Law 364

Document 2: Section 49 of the CGST Act, 2017 has prescribed the manner of payment of tax, interest, penalty and other amounts in the following ways:  
1. Every deposit made by a person by internet banking or by using prescribed mode of payment or cash (OTC) shall be credited to the electronic cash ledger of such person to be maintained in such manner as may be prescribed.
2. The input tax credit as self-assessed in the return of a registered person shall be credited to his electronic credit ledger, in accordance with Section 41; to be maintained in such manner as may be prescribed.
3. The amount available in the electronic cash ledger may be used for making any payment towards tax, interest, penalty, fees or any other amount payable under the provisions of this Act or the rules made thereunder in such manner and subject to such conditions and within such time as may be prescribed.
4. The amount available in the electronic credit ledger may be used for making any payment towards output tax under this Act or under the Integrated Goods and Services Tax Act in such manner and subject to such conditions and within such time as may be prescribed.
5. The amount of input tax credit available in the electronic credit ledger of the registered person shall be utilized as per prescribed provisions. Accordingly, credit on account of IGST, CGST, SGST and UTGST shall be utilized and adjusted in the ledger.
6. The balance in the electronic cash ledger or electronic credit ledger after payment of tax, interest, penalty, fee or any other amount payable under this Act or the rules made thereunder may be refunded in accordance with the provisions of Section 54.
7. All liabilities of a taxable person under this Act shall be recorded and maintained in an electronic liability register in such manner as may be prescribed.
8. Every taxable person shall discharge his tax and other dues under this Act or the rules made thereunder in the following order, namely:—
1. self-assessed tax, and other dues related to returns of previous tax periods;
2. self-assessed tax, and other dues related to the return of the current tax period;
3. any other amount payable under this Act or the rules made thereunder including the demand determined under Section 73 or Section 74.
9. Every person who has paid the tax on goods or services or both under this Act shall, unless the contrary is proved by him, be deemed to have passed on the full incidence of such tax to the recipient of such goods or services or both.  
(10) A registered person may, on the common portal, transfer any amount of tax, interest, penalty, fee or any other amount available in the electronic cash ledger under this Act, to the electronic cash ledger for,––  
- (a) integrated tax, central tax, State tax, Union territory tax or cess; or
- (b) integrated tax or central tax of a distinct person as specified in sub-section (4) or, as the case may be, sub-section (5) of section 25, in such form and manner and subject to such conditions and restrictions as may be prescribed and such transfer shall be deemed to be a refund from the electronic cash ledger under this Act:  
Provided that no such transfer under clause (b) shall be allowed if the said registered person has any unpaid liability in his electronic liability register [Transfer of Balance in cash ledger to Distinct Person (b) vide Notification No. 09/2022-CT., dated 05.07.2022]  
(11) where any amount has been transferred to the electronic cash ledger under this Act, the same shall be deemed to be deposited in the said ledger as provided in sub-section (1).” Notified vide Notification No.1/2020-Central Tax dated 1.1.2020.  
(12) Maximum payment of output taxes allowed from electronic ledger: The Government may specify the maximum proportion of output tax liability which may be discharged through the electronic credit ledger for specified class of registered persons. The balance has to be paid through the electronic cash ledger. Vide Notification No. 18/2022-Central Tax, dated 28.09.2022.

Document 8: Rule 86 of the CGST Rules, 2017 specified for Electronic Credit ledger all the taxes paid on inputs goods, capital goods, inputs services, tax paid reverse charge and credit received through ISD shall be recorded and credited in the ledger shall be maintained as under:  
(1) The electronic credit ledger shall be maintained in FORM GST PMT-02 for each registered person eligible for input tax credit under the Act on the common portal and every claim of input tax credit under the Act shall be credited to the said ledger.  
(2) The electronic credit ledger shall be debited to the extent of discharge of any liability in accordance with the provisions of Section 49 for section 49A or section 49B.  
➢ Amount of refund to the extent of claim debited to the electronic credit ledger:  
(3) Where a registered person has claimed refund of any unutilized amount from the electronic credit ledger in accordance with the provisions of Section 54, the amount to the extent of the claim shall be debited in the said ledger.  
(4) If the refund so filed is rejected, either fully or partly, the amount debited under sub-rule (3), to the extent of rejection, shall be re-credited to the electronic credit ledger by the proper officer by an order made in FORM GST PMT-03.

Document 25: - It is clarified that any payment towards output tax, whether self-assessed in the return or payable as a consequence of any proceeding instituted under the provisions of GST Laws, can be made by utilization of the amount available in the electronic credit ledger of a registered person. Section 49(2) of the CGST Act.
- It is further reiterated that as output tax does not include tax payable under RCM thereby the electronic credit ledger cannot be used for making payment of any tax which is payable under RCM.
- Section 49(4), the electronic credit ledger cannot be used for making payment of any interest, penalty, fees or any other amount like erroneous refund.
- Section 49(3) the amount available in the electronic cash ledger may be used for making any payment towards tax, interest, penalty, fees or any other amount payable under the provisions of the GST Laws.  
Vide Circular No. 172/04/2022-GST, dated 7-7-2022",[],"{'question_type': 'simple', 'seed_document_id': 0, 'topic': 'Others'}","A registered person can transfer any amount of tax, interest, penalty, fee, or any other amount available in the electronic cash ledger under the CGST Act by using the common portal. According to Section 49 of the CGST Act, the transfer can be made to the electronic cash ledger for integrated tax, central tax, State tax, Union territory tax, or cess. The transfer can also be made for the integrated tax or central tax of a distinct person, subject to specific conditions and restrictions. However, such a transfer will not be allowed if the registered person has any unpaid liability in their electronic liability register. The procedure involves ensuring that the amounts being transferred are in accordance with prescribed forms and manner. The transfer is deemed a refund from the electronic cash ledger. The electronic cash ledger is maintained electronically on the Common GSTN Portal and allows for the crediting of deposits and debiting for payments. Payments towards tax, interest, penalty, fees, or any other amounts can be made using the balance in the electronic cash ledger.",True,
"Can you explain the various methods to deposit tax, interest, penalty, fees or any other amount as outlined in Rule 87 of the CGST Rules, 2017, and elaborate on the conditions and restrictions associated with each method?","The deposit can be made through any of the following modes: Government Departments or any other deposit to be made by persons as may be notified by the Commissioner in this behalf; Proper officer or any other officer authorised to recover outstanding dues from any person, whether registered or not, including recovery made through attachment or sale of movable or immovable properties; Proper officer or any other officer authorised for the amounts collected by way of cash, cheque or demand draft during any investigation or enforcement activity or any ad hoc deposit. A person supplying online information and database access or retrieval services from a place outside India to a non-taxable online recipient or a person supplying online money gaming from a place outside India to a person in India may also make the deposit through international money transfer through Society for Worldwide Inter bank Financial Telecommunication payment network.","Document 1: The registered person shall discharge his tax liability or dues on supplies of goods and services electronically on Common portal in the GST regime. The manner of payment of tax or dues in erstwhile provisions of Central Excise and Service Tax was made electronically but not on a common portal. The earlier procedure of manually maintenance of Cenvat register for availment and utilization of Cenvat credit as well as PLA for tax deposit/credit or tax payment/debit, any adjustment duty has been dispensed with in the GST regime.

Document 2: Section 49 of the CGST Act, 2017 has prescribed the manner of payment of tax, interest, penalty and other amounts in the following ways:  
1. Every deposit made by a person by internet banking or by using prescribed mode of payment or cash (OTC) shall be credited to the electronic cash ledger of such person to be maintained in such manner as may be prescribed.
2. The input tax credit as self-assessed in the return of a registered person shall be credited to his electronic credit ledger, in accordance with Section 41; to be maintained in such manner as may be prescribed.
3. The amount available in the electronic cash ledger may be used for making any payment towards tax, interest, penalty, fees or any other amount payable under the provisions of this Act or the rules made thereunder in such manner and subject to such conditions and within such time as may be prescribed.
4. The amount available in the electronic credit ledger may be used for making any payment towards output tax under this Act or under the Integrated Goods and Services Tax Act in such manner and subject to such conditions and within such time as may be prescribed.
5. The amount of input tax credit available in the electronic credit ledger of the registered person shall be utilized as per prescribed provisions. Accordingly, credit on account of IGST, CGST, SGST and UTGST shall be utilized and adjusted in the ledger.
6. The balance in the electronic cash ledger or electronic credit ledger after payment of tax, interest, penalty, fee or any other amount payable under this Act or the rules made thereunder may be refunded in accordance with the provisions of Section 54.
7. All liabilities of a taxable person under this Act shall be recorded and maintained in an electronic liability register in such manner as may be prescribed.
8. Every taxable person shall discharge his tax and other dues under this Act or the rules made thereunder in the following order, namely:—
1. self-assessed tax, and other dues related to returns of previous tax periods;
2. self-assessed tax, and other dues related to the return of the current tax period;
3. any other amount payable under this Act or the rules made thereunder including the demand determined under Section 73 or Section 74.
9. Every person who has paid the tax on goods or services or both under this Act shall, unless the contrary is proved by him, be deemed to have passed on the full incidence of such tax to the recipient of such goods or services or both.  
(10) A registered person may, on the common portal, transfer any amount of tax, interest, penalty, fee or any other amount available in the electronic cash ledger under this Act, to the electronic cash ledger for,––  
- (a) integrated tax, central tax, State tax, Union territory tax or cess; or
- (b) integrated tax or central tax of a distinct person as specified in sub-section (4) or, as the case may be, sub-section (5) of section 25, in such form and manner and subject to such conditions and restrictions as may be prescribed and such transfer shall be deemed to be a refund from the electronic cash ledger under this Act:  
Provided that no such transfer under clause (b) shall be allowed if the said registered person has any unpaid liability in his electronic liability register [Transfer of Balance in cash ledger to Distinct Person (b) vide Notification No. 09/2022-CT., dated 05.07.2022]  
(11) where any amount has been transferred to the electronic cash ledger under this Act, the same shall be deemed to be deposited in the said ledger as provided in sub-section (1).” Notified vide Notification No.1/2020-Central Tax dated 1.1.2020.  
(12) Maximum payment of output taxes allowed from electronic ledger: The Government may specify the maximum proportion of output tax liability which may be discharged through the electronic credit ledger for specified class of registered persons. The balance has to be paid through the electronic cash ledger. Vide Notification No. 18/2022-Central Tax, dated 28.09.2022.

Document 13: Rule 87 of the CGST Rules, 2017 specified for Electronic Cash ledger shall be maintained electronically on Common GSTN Portal as per the following guidelines:  
1. The electronic cash ledger under sub-section (1) of Section 49 shall be maintained in FORM GST PMT-05 for each person, liable to pay tax, interest, penalty, late fee or any other amount, on the common portal for crediting the amount deposited and debiting the payment there from towards tax, interest, penalty, fee or any other amount.
2. Any person, or a person on his behalf, shall generate a challan in FORM GST PMT-06 on the common portal and enter the details of the amount to be deposited by him towards tax, interest, penalty, fees or any other amount. Provided that the challan in FORM GST PMT-06 generated at the common portal shall be valid for a period of fifteen days.
3. The deposit under sub-rule (2) shall be made through any of the following modes, namely:—

Document 14: (a) Government Departments or any other deposit to be made by persons as may be notified by the Commissioner in this behalf;  
(b) Proper officer or any other officer authorised to recover outstanding dues from any person, whether registered or not, including recovery made through attachment or sale of movable or immovable properties;  
(c) Proper officer or any other officer authorised for the amounts collected by way of cash, cheque or demand draft during any investigation or enforcement activity or any ad hoc deposit: Provided that the challan in FORM GST PMT-06 generated at the common portal shall be valid for a period of 15 days.  
Provided further that a person supplying online information and database access or retrieval services from a place outside India to a non-taxable online recipient referred to in section 14 or a person supplying online money gaming from a place outside India to a person in India as referred to in section 14A of the Integrated Goods and Services Tax Act, 2017 (13 of 2017) may also make the deposit under sub-rule (2) through international money transfer through Society for Worldwide Inter bank Financial Telecommunication payment network, from the date to be notified by the Board:  
Explanation.—For the purposes of this sub-rule, it is hereby clarified that for making payment of any amount indicated in the challan, the commission, if any, payable in respect of such payment shall be borne by the person making such payment.  
(4) Any payment required to be made by a person who is not registered under the Act, shall be made on the basis of a temporary identification number generated through the common portal.  
(5) Where the payment is made by way of National Electronic Fund Transfer or Real Time Gross Settlement mode from any bank, the mandate form shall be generated along with the challan on the common portal and the same shall be submitted to the bank from where the payment is to be made: Provided that the mandate form shall be valid for a period of fifteen days from the date of generation of challan.  
(6) On successful credit of the amount to the concerned government account maintained in the authorised bank, a Challan Identification Number shall be generated by the collecting bank and the same shall be indicated in the challan.  
(7) On receipt of the Challan Identification Number from the collecting bank, the said amount shall be credited to the electronic cash ledger of the person on whose behalf the deposit has been made and the common portal shall make available a receipt to this effect.  
(8) Where the bank account of the person concerned, or the person making the deposit on his behalf, is debited but no Challan Identification Number is generated or generated but not communicated to the common portal, the said person may represent electronically in FORM GST PMT-07 through the common portal to the bank or electronic gateway through which the deposit was initiated.  
“Provided that where the bank fails to communicate details of Challan Identification Number to the Common Portal, the Electronic Cash Ledger may be updated on the basis of e-Scroll of the Reserve Bank of India in cases where the details of the said e-Scroll are in conformity with the details in challan generated in FORM GST PMT-06 on the Common Portal.”  
(9) Any amount deducted under section 51 or collected under section 52 and claimed by the registered taxable person from whom the said amount was deducted or, as the case may be, collected shall be credited to his electronic cash ledger.  
(10) Where a person has claimed refund of any amount from the electronic cash ledger, the said amount shall be debited to the electronic cash ledger.  
(11) If the refund so claimed is rejected, either fully or partly, the amount debited under sub-rule (10), to the extent of rejection, shall be credited to the electronic cash ledger by the proper officer by an order made in FORM GST PMT-03.  
(12) A registered person shall, upon noticing any discrepancy in his electronic cash ledger, communicate the same to the officer exercising jurisdiction in the matter, through the common portal in FORM GST PMT-04.  
Explanation 1.—The refund shall be deemed to be rejected if the appeal is finally rejected.  
Explanation 2.—For the purposes of this rule, it is hereby clarified that a refund shall be deemed to be rejected, if the appeal is finally rejected or if the claimant gives an undertaking to the proper officer that he shall not file an appeal.  
(13) A registered person may, on the common portal, transfer any amount of tax, interest, penalty, fee or any other amount available in the electronic cash ledger under the Act to the electronic cash ledger for integrated tax, central tax, State tax or Union territory tax or cess in FORM GST PMT-09.  
(14) Cash deposits in electronic cash ledger in GST portal, now can be made through UPI and IMPS payment modes.  
A registered person may, on the common portal, transfer any amount of tax, interest, penalty, fee or any other amount available in the electronic cash ledger under the Act to the electronic cash ledger for central tax or",[],"{'question_type': 'complex', 'seed_document_id': 1, 'topic': 'GST Electronic Ledger Rules'}","Rule 87 of the CGST Rules, 2017 outlines the management of the Electronic Cash Ledger, which is essential for depositing tax, interest, penalty, fees, and other amounts. The manner of payment is prescribed under Section 49 of the CGST Act, allowing deposits to be made via internet banking, prescribed modes, or cash (OTC). Each deposit is credited to the electronic cash ledger, which is maintained electronically on the Common GSTN Portal. 

To make a deposit, a challan must be generated in FORM GST PMT-06, valid for fifteen days. The payments can be made through various modes as specified. The funds in the electronic cash ledger can be utilized for any tax-related payments, but the order of discharge must follow a specified hierarchy starting with self-assessed tax. 

Additionally, registered persons may transfer amounts between electronic cash ledgers under certain conditions, but transfers will not be allowed if there are unpaid liabilities. Restrictions may also apply on the maximum proportion of output tax liability that can be discharged through the electronic credit ledger, requiring the balance to be paid from the cash ledger. Refunds for any remaining balance in the electronic ledgers are also possible as per Section 54.",False,"The agent's answer does not fully match the reference answer. The agent did not mention the specific modes of deposit such as through Government Departments, during investigation or enforcement activity, or through international money transfer for certain services. The agent also did not mention the specific scenarios where these modes of deposit apply."
